question,answer
What is academic advising?,"Academic advising helps students choose courses, understand program requirements, and plan their studies."
How do I contact an academic advisor?,You can contact an academic advisor through your department website or student advising office.
Where can I find my course schedule?,You can find your course schedule in your student portal.
How do I register for courses?,You can register for courses through your university student portal during the registration period.
What should I do if a course is full?,You should join the waitlist if available or contact your academic advisor for alternatives.
How can I drop a course?,You can drop a course through the student portal before the official deadline.
What happens if I miss the drop deadline?,You may receive a grade or financial penalty depending on university rules.
How do I know my graduation requirements?,You can check your program checklist or degree audit in the student portal.
What is a prerequisite?,A prerequisite is a course you must complete before taking another course.
Can I take a course without the prerequisite?,"Usually no, unless you receive special permission from the department."
What is a co-requisite?,A co-requisite is a course that must be taken at the same time as another course.
How do I request a course override?,You can request a course override through your department or academic advisor.
What is a GPA?,GPA means Grade Point Average and represents your academic performance.
How can I improve my GPA?,"You can improve your GPA by retaking failed courses, studying regularly, and asking for academic support."
What should I do if I am struggling in a course?,"You should contact your professor, visit office hours, and use tutoring or academic support services."
Where can I find tutoring support?,Tutoring support is usually available through the student success centre or department resources.
What is academic probation?,Academic probation means your GPA is below the required level and you must improve it.
What should I do if I am on academic probation?,You should speak with an advisor and create a plan to improve your grades.
How do I apply for graduation?,You can apply for graduation through your student portal before the deadline.
When should I meet an academic advisor?,"You should meet an advisor before registration, after failing a course, or when planning graduation."
How do I change my program?,You need to submit a program change request and meet the new program requirements.
Can I take summer courses?,"Yes, if the courses are offered and you meet the requirements."
How many credits do I need to be full-time?,Full-time status usually requires a minimum number of credits defined by the university.
What should I do if I feel overwhelmed?,"You should contact student support services, speak with an advisor, or reach out to counselling services."
